{
  "dummy": {
    "accuracy": 0.6766666666666666,
    "f1": 0.0
  },
  "logistic_regression": {
    "accuracy": 0.835,
    "f1": 0.7215189873417721,
    "auc": 0.8864828792341678
  },
  "decision_tree": {
    "accuracy": 0.88375,
    "f1": 0.8133779264214047,
    "auc": 0.9199400265349652
  },
  "random_forest": {
    "accuracy": 0.9354166666666667,
    "f1": 0.8940533151059467,
    "auc": 0.9729183065867655
  },
  "gradient_boosting": {
    "accuracy": 0.945,
    "f1": 0.9112903225806451,
    "auc": 0.9758638146869129
  },
  "stacking": {
    "accuracy": 0.8629166666666667,
    "f1": 0.7704117236566643,
    "auc": 0.9143080912599666
  }
}