model,train_time_sec,infer_time_sec,infer_time_per_sample_ms
DummyClassifier,0.029839277267456055,0.0034325122833251953,0.0005492019653320312
LogisticRegression,0.1825098991394043,0.020099878311157227,0.003215980529785156
DecisionTree,11.04605746269226,0.0051114559173583984,0.0008178329467773437
RandomForest,55.029386043548584,0.17166590690612793,0.02746654510498047
HistGradientBoosting,1.3386204242706299,0.07613205909729004,0.012181129455566406
