,accuracy,accuracy,f1,f1,roc_auc,roc_auc,average_precision,average_precision,train_time,train_time,infer_time,infer_time
,mean,std,mean,std,mean,std,mean,std,mean,std,mean,std
model,,,,,,,,,,,,
HistGradientBoosting,0.978336,0.0010887056535171082,0.7240374480426407,0.01783037330964671,0.9009870397938278,0.0024797533029129537,0.7770763874984258,0.013738826658955159,1.5074520111083984,0.1839965773504998,0.1186755657196045,0.017718066633414502
LogisticRegression,0.962944,0.0005008792269599226,0.4138144176837827,0.014164654701361001,0.8352245762267039,0.014315142174966006,0.5181133495448257,0.009273199992821982,0.15389132499694824,0.0598212819299998,0.04662623405456543,0.017761794986558107
