{
  "ds1": {
    "KMeans": {
      "silhouette": 0.5216395622404242,
      "davies_bouldin": 0.6853295219054457,
      "calinski_harabasz": 11786.954622671532
    },
    "DBSCAN": {
      "silhouette": 0.5216395622404242,
      "davies_bouldin": 0.6853295219054457,
      "calinski_harabasz": 11786.954622671532,
      "noise_ratio": 0.0
    },
    "Agglomerative": {
      "silhouette": 0.5216395622404242,
      "davies_bouldin": 0.6853295219054457,
      "calinski_harabasz": 11786.954622671532
    }
  },
  "ds2": {
    "KMeans": {
      "silhouette": 0.3068599193274176,
      "davies_bouldin": 1.3234715790226015,
      "calinski_harabasz": 3573.3971512018943
    },
    "DBSCAN": {
      "silhouette": 0.13818888319194383,
      "davies_bouldin": 0.9019700377403733,
      "calinski_harabasz": 69.33168604795445,
      "noise_ratio": 0.022625
    },
    "Agglomerative": {
      "silhouette": 0.41976775922231674,
      "davies_bouldin": 0.8791287795996852,
      "calinski_harabasz": 395.4825694831712
    }
  },
  "ds3": {
    "KMeans": {
      "silhouette": 0.3155447003782518,
      "davies_bouldin": 1.1577256320598661,
      "calinski_harabasz": 6957.162639510167
    },
    "DBSCAN": {
      "silhouette": 0.2624466026604559,
      "davies_bouldin": 0.7995737971215566,
      "calinski_harabasz": 1414.3179399002906,
      "noise_ratio": 0.9122666666666667
    },
    "Agglomerative": {
      "silhouette": 0.42529612444453263,
      "davies_bouldin": 0.8138020165811181,
      "calinski_harabasz": 8.943143115556799
    }
  }
}