experiment_id,dataset,seed,model_summary,optimizer,lr,momentum,weight_decay,epochs_trained,best_val_accuracy,best_val_loss
E1,EMNIST_balanced,42,"H:[512, 256], DO:False, BN:False",Adam,0.001,0.0,0.0,20,0.8386081560283688,0.4968868004937544
E2,EMNIST_balanced,42,"H:[512, 256], DO:True, BN:False",Adam,0.001,0.0,0.0,20,0.8469858156028369,0.45506800151040366
E3,EMNIST_balanced,42,"H:[512, 256], DO:False, BN:True",Adam,0.001,0.0,0.0,20,0.8519946808510638,0.4660857483427575
E4,EMNIST_balanced,42,"H:[512, 256], DO:False, BN:True",Adam,0.001,0.0,0.0,13,0.8535017730496454,0.4772534833309498
O1,EMNIST_balanced,42,"H:[512, 256], DO:False, BN:True",Adam,0.5,0.0,0.0,10,0.6977836879432624,1.0131611065661654
O2,EMNIST_balanced,42,"H:[512, 256], DO:False, BN:True",Adam,1e-06,0.0,0.0,10,0.5021719858156029,2.6110392641513904
O3,EMNIST_balanced,42,"H:[512, 256], DO:False, BN:True",SGD,0.1,0.9,0.0001,15,0.8515514184397163,0.4519403595450922
